{
  "hash": "21be4fc5",
  "configHash": "ec6e9c47",
  "lockfileHash": "833f5a35",
  "browserHash": "abeadd55",
  "optimized": {
    "@angular/cdk/bidi": {
      "src": "../../../../../../node_modules/@angular/cdk/fesm2022/bidi.mjs",
      "file": "@angular_cdk_bidi.js",
      "fileHash": "e77c80ca",
      "needsInterop": false
    },
    "@angular/cdk/scrolling": {
      "src": "../../../../../../node_modules/@angular/cdk/fesm2022/scrolling.mjs",
      "file": "@angular_cdk_scrolling.js",
      "fileHash": "3fd89aa5",
      "needsInterop": false
    },
    "@angular/cdk/text-field": {
      "src": "../../../../../../node_modules/@angular/cdk/fesm2022/text-field.mjs",
      "file": "@angular_cdk_text-field.js",
      "fileHash": "624d139e",
      "needsInterop": false
    },
    "@angular/common": {
      "src": "../../../../../../node_modules/@angular/common/fesm2022/common.mjs",
      "file": "@angular_common.js",
      "fileHash": "c0f00ea2",
      "needsInterop": false
    },
    "@angular/common/http": {
      "src": "../../../../../../node_modules/@angular/common/fesm2022/http.mjs",
      "file": "@angular_common_http.js",
      "fileHash": "ad8acc79",
      "needsInterop": false
    },
    "@angular/core": {
      "src": "../../../../../../node_modules/@angular/core/fesm2022/core.mjs",
      "file": "@angular_core.js",
      "fileHash": "4323ed3d",
      "needsInterop": false
    },
    "@angular/forms": {
      "src": "../../../../../../node_modules/@angular/forms/fesm2022/forms.mjs",
      "file": "@angular_forms.js",
      "fileHash": "330491df",
      "needsInterop": false
    },
    "@angular/material/autocomplete": {
      "src": "../../../../../../node_modules/@angular/material/fesm2022/autocomplete.mjs",
      "file": "@angular_material_autocomplete.js",
      "fileHash": "4ed93c00",
      "needsInterop": false
    },
    "@angular/material/button": {
      "src": "../../../../../../node_modules/@angular/material/fesm2022/button.mjs",
      "file": "@angular_material_button.js",
      "fileHash": "f83182b5",
      "needsInterop": false
    },
    "@angular/material/card": {
      "src": "../../../../../../node_modules/@angular/material/fesm2022/card.mjs",
      "file": "@angular_material_card.js",
      "fileHash": "246726d0",
      "needsInterop": false
    },
    "@angular/material/chips": {
      "src": "../../../../../../node_modules/@angular/material/fesm2022/chips.mjs",
      "file": "@angular_material_chips.js",
      "fileHash": "76204f40",
      "needsInterop": false
    },
    "@angular/material/core": {
      "src": "../../../../../../node_modules/@angular/material/fesm2022/core.mjs",
      "file": "@angular_material_core.js",
      "fileHash": "43ffd568",
      "needsInterop": false
    },
    "@angular/material/datepicker": {
      "src": "../../../../../../node_modules/@angular/material/fesm2022/datepicker.mjs",
      "file": "@angular_material_datepicker.js",
      "fileHash": "658fb31d",
      "needsInterop": false
    },
    "@angular/material/dialog": {
      "src": "../../../../../../node_modules/@angular/material/fesm2022/dialog.mjs",
      "file": "@angular_material_dialog.js",
      "fileHash": "852f16dc",
      "needsInterop": false
    },
    "@angular/material/divider": {
      "src": "../../../../../../node_modules/@angular/material/fesm2022/divider.mjs",
      "file": "@angular_material_divider.js",
      "fileHash": "6654211d",
      "needsInterop": false
    },
    "@angular/material/form-field": {
      "src": "../../../../../../node_modules/@angular/material/fesm2022/form-field.mjs",
      "file": "@angular_material_form-field.js",
      "fileHash": "210123f2",
      "needsInterop": false
    },
    "@angular/material/grid-list": {
      "src": "../../../../../../node_modules/@angular/material/fesm2022/grid-list.mjs",
      "file": "@angular_material_grid-list.js",
      "fileHash": "2c2177fd",
      "needsInterop": false
    },
    "@angular/material/icon": {
      "src": "../../../../../../node_modules/@angular/material/fesm2022/icon.mjs",
      "file": "@angular_material_icon.js",
      "fileHash": "bb00a37d",
      "needsInterop": false
    },
    "@angular/material/input": {
      "src": "../../../../../../node_modules/@angular/material/fesm2022/input.mjs",
      "file": "@angular_material_input.js",
      "fileHash": "2d4d901d",
      "needsInterop": false
    },
    "@angular/material/menu": {
      "src": "../../../../../../node_modules/@angular/material/fesm2022/menu.mjs",
      "file": "@angular_material_menu.js",
      "fileHash": "6534e7ae",
      "needsInterop": false
    },
    "@angular/material/paginator": {
      "src": "../../../../../../node_modules/@angular/material/fesm2022/paginator.mjs",
      "file": "@angular_material_paginator.js",
      "fileHash": "c105257b",
      "needsInterop": false
    },
    "@angular/material/progress-bar": {
      "src": "../../../../../../node_modules/@angular/material/fesm2022/progress-bar.mjs",
      "file": "@angular_material_progress-bar.js",
      "fileHash": "cfdff08b",
      "needsInterop": false
    },
    "@angular/material/progress-spinner": {
      "src": "../../../../../../node_modules/@angular/material/fesm2022/progress-spinner.mjs",
      "file": "@angular_material_progress-spinner.js",
      "fileHash": "43b1d412",
      "needsInterop": false
    },
    "@angular/material/select": {
      "src": "../../../../../../node_modules/@angular/material/fesm2022/select.mjs",
      "file": "@angular_material_select.js",
      "fileHash": "5d94151a",
      "needsInterop": false
    },
    "@angular/material/snack-bar": {
      "src": "../../../../../../node_modules/@angular/material/fesm2022/snack-bar.mjs",
      "file": "@angular_material_snack-bar.js",
      "fileHash": "2118911d",
      "needsInterop": false
    },
    "@angular/material/table": {
      "src": "../../../../../../node_modules/@angular/material/fesm2022/table.mjs",
      "file": "@angular_material_table.js",
      "fileHash": "a59416e5",
      "needsInterop": false
    },
    "@angular/material/tabs": {
      "src": "../../../../../../node_modules/@angular/material/fesm2022/tabs.mjs",
      "file": "@angular_material_tabs.js",
      "fileHash": "d5683772",
      "needsInterop": false
    },
    "@angular/material/toolbar": {
      "src": "../../../../../../node_modules/@angular/material/fesm2022/toolbar.mjs",
      "file": "@angular_material_toolbar.js",
      "fileHash": "8a5e5d17",
      "needsInterop": false
    },
    "@angular/platform-browser": {
      "src": "../../../../../../node_modules/@angular/platform-browser/fesm2022/platform-browser.mjs",
      "file": "@angular_platform-browser.js",
      "fileHash": "ef8820c0",
      "needsInterop": false
    },
    "@angular/platform-browser/animations/async": {
      "src": "../../../../../../node_modules/@angular/platform-browser/fesm2022/animations/async.mjs",
      "file": "@angular_platform-browser_animations_async.js",
      "fileHash": "deb6bb16",
      "needsInterop": false
    },
    "@angular/platform-server/init": {
      "src": "../../../../../../node_modules/@angular/platform-server/fesm2022/init.mjs",
      "file": "@angular_platform-server_init.js",
      "fileHash": "8baa7887",
      "needsInterop": false
    },
    "@angular/router": {
      "src": "../../../../../../node_modules/@angular/router/fesm2022/router.mjs",
      "file": "@angular_router.js",
      "fileHash": "994644fb",
      "needsInterop": false
    },
    "@angular/ssr": {
      "src": "../../../../../../node_modules/@angular/ssr/fesm2022/ssr.mjs",
      "file": "@angular_ssr.js",
      "fileHash": "20eeb665",
      "needsInterop": false
    },
    "@angular/ssr/node": {
      "src": "../../../../../../node_modules/@angular/ssr/fesm2022/node.mjs",
      "file": "@angular_ssr_node.js",
      "fileHash": "60f15806",
      "needsInterop": false
    },
    "express": {
      "src": "../../../../../../node_modules/express/index.js",
      "file": "express.js",
      "fileHash": "41310fcf",
      "needsInterop": true
    },
    "ng2-charts": {
      "src": "../../../../../../node_modules/ng2-charts/fesm2022/ng2-charts.mjs",
      "file": "ng2-charts.js",
      "fileHash": "b3a9f261",
      "needsInterop": false
    },
    "rxjs": {
      "src": "../../../../../../node_modules/rxjs/dist/cjs/index.js",
      "file": "rxjs.js",
      "fileHash": "71dd22f8",
      "needsInterop": true
    },
    "rxjs/operators": {
      "src": "../../../../../../node_modules/rxjs/dist/cjs/operators/index.js",
      "file": "rxjs_operators.js",
      "fileHash": "3cad2737",
      "needsInterop": true
    }
  },
  "chunks": {
    "browser-GKM7W6BO": {
      "file": "browser-GKM7W6BO.js"
    },
    "xhr2-E5RTESSH": {
      "file": "xhr2-E5RTESSH.js"
    },
    "chunk-2SDVBL4F": {
      "file": "chunk-2SDVBL4F.js"
    },
    "chunk-SQMEJLNG": {
      "file": "chunk-SQMEJLNG.js"
    },
    "chunk-5JFGFLAJ": {
      "file": "chunk-5JFGFLAJ.js"
    },
    "chunk-E26M5I43": {
      "file": "chunk-E26M5I43.js"
    },
    "chunk-MYGEM7FZ": {
      "file": "chunk-MYGEM7FZ.js"
    },
    "chunk-47QBDHDZ": {
      "file": "chunk-47QBDHDZ.js"
    },
    "chunk-SQW6SLIA": {
      "file": "chunk-SQW6SLIA.js"
    },
    "chunk-Y2GMZPSE": {
      "file": "chunk-Y2GMZPSE.js"
    },
    "chunk-KEEB5IM6": {
      "file": "chunk-KEEB5IM6.js"
    },
    "chunk-YPVWDOXP": {
      "file": "chunk-YPVWDOXP.js"
    },
    "chunk-BM2LK37Z": {
      "file": "chunk-BM2LK37Z.js"
    },
    "chunk-H7NFXXZI": {
      "file": "chunk-H7NFXXZI.js"
    },
    "chunk-FTDLGZ7V": {
      "file": "chunk-FTDLGZ7V.js"
    },
    "chunk-HHMZQXVE": {
      "file": "chunk-HHMZQXVE.js"
    },
    "chunk-XED5OUBA": {
      "file": "chunk-XED5OUBA.js"
    },
    "chunk-3ED5UWAZ": {
      "file": "chunk-3ED5UWAZ.js"
    },
    "chunk-TSUKOFIO": {
      "file": "chunk-TSUKOFIO.js"
    },
    "chunk-DHYZBJR6": {
      "file": "chunk-DHYZBJR6.js"
    },
    "chunk-AWMDAGIJ": {
      "file": "chunk-AWMDAGIJ.js"
    },
    "chunk-5CFRV5XA": {
      "file": "chunk-5CFRV5XA.js"
    },
    "chunk-AYQVFX4T": {
      "file": "chunk-AYQVFX4T.js"
    },
    "chunk-KF4DDZJ6": {
      "file": "chunk-KF4DDZJ6.js"
    },
    "chunk-HBLDFAEM": {
      "file": "chunk-HBLDFAEM.js"
    },
    "chunk-FEC5D552": {
      "file": "chunk-FEC5D552.js"
    },
    "chunk-IBJIYPY3": {
      "file": "chunk-IBJIYPY3.js"
    },
    "chunk-5XYFHA5V": {
      "file": "chunk-5XYFHA5V.js"
    },
    "chunk-YFR233BY": {
      "file": "chunk-YFR233BY.js"
    },
    "chunk-WMCF36ZG": {
      "file": "chunk-WMCF36ZG.js"
    },
    "chunk-4NRDWZRV": {
      "file": "chunk-4NRDWZRV.js"
    },
    "chunk-S4WJ5SGB": {
      "file": "chunk-S4WJ5SGB.js"
    },
    "chunk-WRULZO5C": {
      "file": "chunk-WRULZO5C.js"
    },
    "chunk-QAGZQHUI": {
      "file": "chunk-QAGZQHUI.js"
    },
    "chunk-4VHHS2NW": {
      "file": "chunk-4VHHS2NW.js"
    },
    "chunk-IPG5ENZ5": {
      "file": "chunk-IPG5ENZ5.js"
    },
    "chunk-DAQKJJRP": {
      "file": "chunk-DAQKJJRP.js"
    },
    "chunk-ZVWDWOQO": {
      "file": "chunk-ZVWDWOQO.js"
    },
    "chunk-WV253EFK": {
      "file": "chunk-WV253EFK.js"
    },
    "chunk-2UVUUPPC": {
      "file": "chunk-2UVUUPPC.js"
    },
    "chunk-C27DBZK2": {
      "file": "chunk-C27DBZK2.js"
    },
    "chunk-K54IFBYX": {
      "file": "chunk-K54IFBYX.js"
    },
    "chunk-6DU2HRTW": {
      "file": "chunk-6DU2HRTW.js"
    }
  }
}