{
  "hash": "aec304c1",
  "configHash": "feddd0d3",
  "lockfileHash": "833f5a35",
  "browserHash": "40f7f144",
  "optimized": {
    "@angular/cdk/bidi": {
      "src": "../../../../../../node_modules/@angular/cdk/fesm2022/bidi.mjs",
      "file": "@angular_cdk_bidi.js",
      "fileHash": "5d633795",
      "needsInterop": false
    },
    "@angular/cdk/scrolling": {
      "src": "../../../../../../node_modules/@angular/cdk/fesm2022/scrolling.mjs",
      "file": "@angular_cdk_scrolling.js",
      "fileHash": "2959d075",
      "needsInterop": false
    },
    "@angular/cdk/text-field": {
      "src": "../../../../../../node_modules/@angular/cdk/fesm2022/text-field.mjs",
      "file": "@angular_cdk_text-field.js",
      "fileHash": "7a63a6f8",
      "needsInterop": false
    },
    "@angular/common": {
      "src": "../../../../../../node_modules/@angular/common/fesm2022/common.mjs",
      "file": "@angular_common.js",
      "fileHash": "71b50921",
      "needsInterop": false
    },
    "@angular/common/http": {
      "src": "../../../../../../node_modules/@angular/common/fesm2022/http.mjs",
      "file": "@angular_common_http.js",
      "fileHash": "c77327a3",
      "needsInterop": false
    },
    "@angular/core": {
      "src": "../../../../../../node_modules/@angular/core/fesm2022/core.mjs",
      "file": "@angular_core.js",
      "fileHash": "311e037d",
      "needsInterop": false
    },
    "@angular/forms": {
      "src": "../../../../../../node_modules/@angular/forms/fesm2022/forms.mjs",
      "file": "@angular_forms.js",
      "fileHash": "7732ae26",
      "needsInterop": false
    },
    "@angular/material/autocomplete": {
      "src": "../../../../../../node_modules/@angular/material/fesm2022/autocomplete.mjs",
      "file": "@angular_material_autocomplete.js",
      "fileHash": "f6792d73",
      "needsInterop": false
    },
    "@angular/material/button": {
      "src": "../../../../../../node_modules/@angular/material/fesm2022/button.mjs",
      "file": "@angular_material_button.js",
      "fileHash": "598fdff9",
      "needsInterop": false
    },
    "@angular/material/card": {
      "src": "../../../../../../node_modules/@angular/material/fesm2022/card.mjs",
      "file": "@angular_material_card.js",
      "fileHash": "ba287b23",
      "needsInterop": false
    },
    "@angular/material/chips": {
      "src": "../../../../../../node_modules/@angular/material/fesm2022/chips.mjs",
      "file": "@angular_material_chips.js",
      "fileHash": "2c012f65",
      "needsInterop": false
    },
    "@angular/material/core": {
      "src": "../../../../../../node_modules/@angular/material/fesm2022/core.mjs",
      "file": "@angular_material_core.js",
      "fileHash": "05c6b495",
      "needsInterop": false
    },
    "@angular/material/datepicker": {
      "src": "../../../../../../node_modules/@angular/material/fesm2022/datepicker.mjs",
      "file": "@angular_material_datepicker.js",
      "fileHash": "e728229d",
      "needsInterop": false
    },
    "@angular/material/dialog": {
      "src": "../../../../../../node_modules/@angular/material/fesm2022/dialog.mjs",
      "file": "@angular_material_dialog.js",
      "fileHash": "48a0639f",
      "needsInterop": false
    },
    "@angular/material/divider": {
      "src": "../../../../../../node_modules/@angular/material/fesm2022/divider.mjs",
      "file": "@angular_material_divider.js",
      "fileHash": "986d5396",
      "needsInterop": false
    },
    "@angular/material/form-field": {
      "src": "../../../../../../node_modules/@angular/material/fesm2022/form-field.mjs",
      "file": "@angular_material_form-field.js",
      "fileHash": "1015acb5",
      "needsInterop": false
    },
    "@angular/material/grid-list": {
      "src": "../../../../../../node_modules/@angular/material/fesm2022/grid-list.mjs",
      "file": "@angular_material_grid-list.js",
      "fileHash": "b7a8674e",
      "needsInterop": false
    },
    "@angular/material/icon": {
      "src": "../../../../../../node_modules/@angular/material/fesm2022/icon.mjs",
      "file": "@angular_material_icon.js",
      "fileHash": "20ca23f7",
      "needsInterop": false
    },
    "@angular/material/input": {
      "src": "../../../../../../node_modules/@angular/material/fesm2022/input.mjs",
      "file": "@angular_material_input.js",
      "fileHash": "f5ed08ea",
      "needsInterop": false
    },
    "@angular/material/menu": {
      "src": "../../../../../../node_modules/@angular/material/fesm2022/menu.mjs",
      "file": "@angular_material_menu.js",
      "fileHash": "3827306a",
      "needsInterop": false
    },
    "@angular/material/paginator": {
      "src": "../../../../../../node_modules/@angular/material/fesm2022/paginator.mjs",
      "file": "@angular_material_paginator.js",
      "fileHash": "3db913da",
      "needsInterop": false
    },
    "@angular/material/progress-bar": {
      "src": "../../../../../../node_modules/@angular/material/fesm2022/progress-bar.mjs",
      "file": "@angular_material_progress-bar.js",
      "fileHash": "b316576b",
      "needsInterop": false
    },
    "@angular/material/progress-spinner": {
      "src": "../../../../../../node_modules/@angular/material/fesm2022/progress-spinner.mjs",
      "file": "@angular_material_progress-spinner.js",
      "fileHash": "9519d068",
      "needsInterop": false
    },
    "@angular/material/select": {
      "src": "../../../../../../node_modules/@angular/material/fesm2022/select.mjs",
      "file": "@angular_material_select.js",
      "fileHash": "ae8e7bf8",
      "needsInterop": false
    },
    "@angular/material/snack-bar": {
      "src": "../../../../../../node_modules/@angular/material/fesm2022/snack-bar.mjs",
      "file": "@angular_material_snack-bar.js",
      "fileHash": "f863f36f",
      "needsInterop": false
    },
    "@angular/material/table": {
      "src": "../../../../../../node_modules/@angular/material/fesm2022/table.mjs",
      "file": "@angular_material_table.js",
      "fileHash": "c859ef3e",
      "needsInterop": false
    },
    "@angular/material/toolbar": {
      "src": "../../../../../../node_modules/@angular/material/fesm2022/toolbar.mjs",
      "file": "@angular_material_toolbar.js",
      "fileHash": "16a0c847",
      "needsInterop": false
    },
    "@angular/platform-browser": {
      "src": "../../../../../../node_modules/@angular/platform-browser/fesm2022/platform-browser.mjs",
      "file": "@angular_platform-browser.js",
      "fileHash": "89dd6ae2",
      "needsInterop": false
    },
    "@angular/platform-browser/animations/async": {
      "src": "../../../../../../node_modules/@angular/platform-browser/fesm2022/animations/async.mjs",
      "file": "@angular_platform-browser_animations_async.js",
      "fileHash": "4d9f371d",
      "needsInterop": false
    },
    "@angular/router": {
      "src": "../../../../../../node_modules/@angular/router/fesm2022/router.mjs",
      "file": "@angular_router.js",
      "fileHash": "fd7b9d4e",
      "needsInterop": false
    },
    "ng2-charts": {
      "src": "../../../../../../node_modules/ng2-charts/fesm2022/ng2-charts.mjs",
      "file": "ng2-charts.js",
      "fileHash": "f61ce5d0",
      "needsInterop": false
    },
    "rxjs": {
      "src": "../../../../../../node_modules/rxjs/dist/esm5/index.js",
      "file": "rxjs.js",
      "fileHash": "7be0454f",
      "needsInterop": false
    },
    "rxjs/operators": {
      "src": "../../../../../../node_modules/rxjs/dist/esm5/operators/index.js",
      "file": "rxjs_operators.js",
      "fileHash": "813932c0",
      "needsInterop": false
    },
    "@angular/material/tabs": {
      "src": "../../../../../../node_modules/@angular/material/fesm2022/tabs.mjs",
      "file": "@angular_material_tabs.js",
      "fileHash": "77a4bf32",
      "needsInterop": false
    }
  },
  "chunks": {
    "browser-FONQ6FQT": {
      "file": "browser-FONQ6FQT.js"
    },
    "chunk-C2A3Y5UO": {
      "file": "chunk-C2A3Y5UO.js"
    },
    "chunk-FVMBRW2U": {
      "file": "chunk-FVMBRW2U.js"
    },
    "chunk-ELE4I6TH": {
      "file": "chunk-ELE4I6TH.js"
    },
    "chunk-JZFUS6N6": {
      "file": "chunk-JZFUS6N6.js"
    },
    "chunk-M6ZQGAT3": {
      "file": "chunk-M6ZQGAT3.js"
    },
    "chunk-M7LD4VTE": {
      "file": "chunk-M7LD4VTE.js"
    },
    "chunk-47U5UHKY": {
      "file": "chunk-47U5UHKY.js"
    },
    "chunk-Y5GZ5N2E": {
      "file": "chunk-Y5GZ5N2E.js"
    },
    "chunk-2IFQXT3O": {
      "file": "chunk-2IFQXT3O.js"
    },
    "chunk-BDUX6UDL": {
      "file": "chunk-BDUX6UDL.js"
    },
    "chunk-UJRIQ5D2": {
      "file": "chunk-UJRIQ5D2.js"
    },
    "chunk-EV7O3Z2Z": {
      "file": "chunk-EV7O3Z2Z.js"
    },
    "chunk-IBCIYDSE": {
      "file": "chunk-IBCIYDSE.js"
    },
    "chunk-TA3KQLJK": {
      "file": "chunk-TA3KQLJK.js"
    },
    "chunk-6ZLGATNH": {
      "file": "chunk-6ZLGATNH.js"
    },
    "chunk-FJDVHX6A": {
      "file": "chunk-FJDVHX6A.js"
    },
    "chunk-WPJZBWYG": {
      "file": "chunk-WPJZBWYG.js"
    },
    "chunk-MK5DY3ES": {
      "file": "chunk-MK5DY3ES.js"
    },
    "chunk-QA3NWOWS": {
      "file": "chunk-QA3NWOWS.js"
    },
    "chunk-TQFMNLDI": {
      "file": "chunk-TQFMNLDI.js"
    },
    "chunk-ZWQBJ4CW": {
      "file": "chunk-ZWQBJ4CW.js"
    },
    "chunk-VENV3F3G": {
      "file": "chunk-VENV3F3G.js"
    },
    "chunk-T6KDNDSJ": {
      "file": "chunk-T6KDNDSJ.js"
    },
    "chunk-GWFLKVBH": {
      "file": "chunk-GWFLKVBH.js"
    },
    "chunk-PYTT5FHY": {
      "file": "chunk-PYTT5FHY.js"
    },
    "chunk-5EG33CFQ": {
      "file": "chunk-5EG33CFQ.js"
    },
    "chunk-PAUROU5C": {
      "file": "chunk-PAUROU5C.js"
    },
    "chunk-GL5JOWIZ": {
      "file": "chunk-GL5JOWIZ.js"
    },
    "chunk-NR52JGCZ": {
      "file": "chunk-NR52JGCZ.js"
    },
    "chunk-6GCKTL5N": {
      "file": "chunk-6GCKTL5N.js"
    },
    "chunk-JJX35CWO": {
      "file": "chunk-JJX35CWO.js"
    },
    "chunk-LD2WSNOA": {
      "file": "chunk-LD2WSNOA.js"
    },
    "chunk-LVC37O4U": {
      "file": "chunk-LVC37O4U.js"
    },
    "chunk-YLHXK2KV": {
      "file": "chunk-YLHXK2KV.js"
    },
    "chunk-B2RT7RWL": {
      "file": "chunk-B2RT7RWL.js"
    },
    "chunk-JRFR6BLO": {
      "file": "chunk-JRFR6BLO.js"
    },
    "chunk-HWYXSU2G": {
      "file": "chunk-HWYXSU2G.js"
    },
    "chunk-MARUHEWW": {
      "file": "chunk-MARUHEWW.js"
    },
    "chunk-GOMI4DH3": {
      "file": "chunk-GOMI4DH3.js"
    }
  }
}